Mois;Jour;Fajr;Shuruq;Dhuhr;Asr;Maghrib;Isha
1;1;07:05;08:44;12:59;14:48;17:08;18:35
1;2;07:05;08:44;13:00;14:48;17:09;18:36
1;3;07:04;08:44;13:00;14:49;17:10;18:37
1;4;07:04;08:44;13:01;14:50;17:11;18:38
1;5;07:04;08:43;13:01;14:51;17:12;18:39
1;6;07:04;08:43;13:01;14:52;17:13;18:40
1;7;07:04;08:43;13:02;14:54;17:14;18:41
1;8;07:04;08:43;13:02;14:55;17:15;18:42
1;9;07:03;08:42;13:03;14:56;17:17;18:44
1;10;07:03;08:42;13:03;14:57;17:18;18:45
1;11;07:03;08:41;13:04;14:58;17:19;18:46
1;12;07:02;08:41;13:04;14:59;17:21;18:48
1;13;07:02;08:40;13:04;15:00;17:22;18:49
1;14;07:01;08:39;13:05;15:02;17:23;18:50
1;15;07:01;08:39;13:05;15:03;17:25;18:52
1;16;07:00;08:38;13:05;15:04;17:26;18:53
1;17;06:59;08:37;13:06;15:05;17:28;18:55
1;18;06:58;08:36;13:06;15:07;17:29;18:56
1;19;06:58;08:36;13:06;15:08;17:31;18:58
1;20;06:57;08:35;13:07;15:09;17:32;18:59
1;21;06:56;08:34;13:07;15:10;17:34;19:01
1;22;06:55;08:33;13:07;15:12;17:35;19:02
1;23;06:54;08:32;13:07;15:13;17:37;19:04
1;24;06:53;08:31;13:08;15:14;17:38;19:05
1;25;06:52;08:29;13:08;15:16;17:40;19:07
1;26;06:51;08:28;13:08;15:17;17:41;19:08
1;27;06:50;08:27;13:08;15:18;17:43;19:10
1;28;06:49;08:26;13:09;15:20;17:45;19:12
1;29;06:48;08:25;13:09;15:21;17:46;19:13
1;30;06:47;08:23;13:09;15:22;17:48;19:15
1;31;06:45;08:22;13:09;15:24;17:49;19:16
2;1;06:44;08:21;13:09;15:25;17:51;19:18
2;2;06:43;08:19;13:09;15:26;17:53;19:20
2;3;06:41;08:18;13:09;15:28;17:54;19:21
2;4;06:40;08:17;13:09;15:29;17:56;19:23
2;5;06:39;08:15;13:10;15:30;17:58;19:25
2;6;06:37;08:14;13:10;15:32;17:59;19:26
2;7;06:36;08:12;13:10;15:33;18:01;19:28
2;8;06:34;08:10;13:10;15:34;18:03;19:30
2;9;06:33;08:09;13:10;15:36;18:04;19:31
2;10;06:31;08:07;13:10;15:37;18:06;19:33
2;11;06:30;08:06;13:10;15:38;18:08;19:35
2;12;06:28;08:04;13:10;15:40;18:09;19:36
2;13;06:27;08:02;13:10;15:41;18:11;19:38
2;14;06:25;08:01;13:10;15:42;18:13;19:40
2;15;06:23;07:59;13:10;15:43;18:14;19:41
2;16;06:22;07:57;13:10;15:45;18:16;19:43
2;17;06:20;07:55;13:10;15:46;18:18;19:45
2;18;06:18;07:54;13:09;15:47;18:19;19:46
2;19;06:17;07:52;13:09;15:48;18:21;19:48
2;20;06:15;07:50;13:09;15:50;18:22;19:49
2;21;06:13;07:48;13:09;15:51;18:24;19:51
2;22;06:11;07:46;13:09;15:53;18:26;19:53
2;23;06:10;07:44;13:09;15:53;18:27;19:54
2;24;06:08;07:42;13:09;15:54;18:29;19:56
2;25;06:06;07:40;13:09;15:56;18:31;19:58
2;26;06:04;07:39;13:08;15:57;18:32;19:59
2;27;06:02;07:37;13:08;15:58;18:34;20:01
2;28;06:00;07:35;13:08;15:59;18:35;20:02
3;1;05:59;07:33;13:08;16:00;18:37;20:04
3;2;05:57;07:31;13:08;16:01;18:38;20:05
3;3;05:55;07:29;13:07;16:02;18:40;20:07
3;4;05:53;07:27;13:07;16:03;18:42;20:09
3;5;05:51;07:25;13:07;16:04;18:43;20:10
3;6;05:49;07:23;13:07;16:06;18:45;20:12
3;7;05:47;07:21;13:07;16:07;18:46;20:13
3;8;05:45;07:19;13:06;16:08;18:48;20:15
3;9;05:43;07:17;13:06;16:09;18:49;20:16
3;10;05:41;07:15;13:06;16:10;18:51;20:18
3;11;05:39;07:12;13:06;16:11;18:53;20:20
3;12;05:37;07:10;13:05;16:12;18:54;20:21
3;13;05:35;07:08;13:05;16:13;18:56;20:23
3;14;05:33;07:06;13:05;16:14;18:57;20:24
3;15;05:31;07:04;13:04;16:14;18:59;20:26
3;16;05:29;07:02;13:04;16:15;19:00;20:27
3;17;05:27;07:00;13:04;16:16;19:02;20:29
3;18;05:25;06:58;13:04;16:17;19:03;20:30
3;19;05:23;06:56;13:03;16:18;19:05;20:32
3;20;05:21;06:54;13:03;16:19;19:06;20:33
3;21;05:19;06:52;13:03;16:20;19:08;20:35
3;22;05:17;06:49;13:02;16:21;19:09;20:36
3;23;05:15;06:47;13:02;16:22;19:11;20:38
3;24;05:13;06:45;13:02;16:23;19:12;20:39
3;25;05:10;06:43;13:02;16:23;19:14;20:41
3;26;05:08;06:41;13:01;16:24;19:15;20:42
3;27;05:05;06:39;13:01;16:25;19:17;20:44
3;28;05:03;06:37;13:01;16:26;19:18;20:45
3;29;06:01;07:35;14:00;17:27;20:20;21:47
3;30;05:58;07:33;14:00;17:27;20:21;21:48
3;31;05:56;07:31;14:00;17:28;20:23;21:50
4;1;05:54;07:29;13:59;17:29;20:24;21:51
4;2;05:51;07:26;13:59;17:30;20:26;21:53
4;3;05:49;07:24;13:59;17:30;20:27;21:54
4;4;05:47;07:22;13:59;17:31;20:29;21:56
4;5;05:44;07:20;13:58;17:32;20:30;21:57
4;6;05:42;07:18;13:58;17:33;20:32;21:59
4;7;05:40;07:16;13:58;17:33;20:33;22:00
4;8;05:37;07:14;13:57;17:34;20:35;22:02
4;9;05:35;07:12;13:57;17:35;20:36;22:03
4;10;05:33;07:10;13:57;17:35;20:38;22:05
4;11;05:31;07:08;13:57;17:36;20:39;22:06
4;12;05:28;07:06;13:56;17:37;20:41;22:08
4;13;05:26;07:04;13:56;17:37;20:42;22:09
4;14;05:24;07:02;13:56;17:38;20:44;22:11
4;15;05:22;07:00;13:56;17:39;20:45;22:12
4;16;05:19;06:58;13:55;17:39;20:47;22:14
4;17;05:17;06:56;13:55;17:40;20:48;22:15
4;18;05:15;06:54;13:55;17:41;20:50;22:17
4;19;05:13;06:52;13:55;17:41;20:51;22:18
4;20;05:11;06:50;13:54;17:42;20:53;22:20
4;21;05:08;06:48;13:54;17:43;20:54;22:21
4;22;05:06;06:47;13:54;17:44;20:56;22:23
4;23;05:04;06:45;13:54;17:44;20:57;22:24
4;24;05:02;06:43;13:54;17:44;20:59;22:26
4;25;05:00;06:41;13:54;17:45;21:00;22:27
4;26;04:58;06:39;13:53;17:46;21:02;22:29
4;27;04:56;06:37;13:53;17:46;21:03;22:30
4;28;04:54;06:36;13:53;17:47;21:05;22:32
4;29;04:52;06:34;13:53;17:47;21:06;22:33
4;30;04:50;06:32;13:53;17:48;21:07;22:34
5;1;04:48;06:30;13:53;17:48;21:09;22:36
5;2;04:46;06:29;13:53;17:49;21:10;22:37
5;3;04:44;06:27;13:52;17:50;21:12;22:39
5;4;04:42;06:25;13:52;17:50;21:13;22:40
5;5;04:40;06:24;13:52;17:51;21:15;22:42
5;6;04:38;06:22;13:51;17:51;21:16;22:43
5;7;04:37;06:21;13:52;17:52;21:18;22:45
5;8;04:35;06:19;13:52;17:52;21:19;22:46
5;9;04:33;06:18;13:52;17:53;21:20;22:47
5;10;04:31;06:16;13:52;17:53;21:22;22:49
5;11;04:29;06:15;13:52;17:54;21:23;22:50
5;12;04:28;06:13;13:52;17:54;21:25;22:52
5;13;04:26;06:12;13:52;17:55;21:26;22:53
5;14;04:24;06:10;13:52;17:55;21:27;22:54
5;15;04:23;06:09;13:52;17:56;21:29;22:56
5;16;04:21;06:08;13:52;17:56;21:30;22:57
5;17;04:19;06:06;13:52;17:57;21:31;22:58
5;18;04:18;06:05;13:52;17:57;21:33;23:00
5;19;04:16;06:04;13:52;17:58;21:34;23:01
5;20;04:15;06:03;13:52;17:58;21:35;23:02
5;21;04:14;06:02;13:52;17:59;21:36;23:03
5;22;04:12;06:01;13:52;17:59;21:38;23:05
5;23;04:11;06:00;13:52;18:00;21:39;23:06
5;24;04:09;05:59;13:52;18:00;21:40;23:07
5;25;04:08;05:58;13:53;18:01;21:41;23:08
5;26;04:07;05:57;13:53;18:01;21:42;23:09
5;27;04:06;05:56;13:53;18:01;21:43;23:10
5;28;04:05;05:55;13:53;18:02;21:45;23:12
5;29;04:03;05:54;13:53;18:02;21:46;23:13
5;30;04:02;05:53;13:53;18:03;21:47;23:14
5;31;04:01;05:52;13:53;18:03;21:48;23:15
6;1;04:00;05:52;13:53;18:04;21:49;23:16
6;2;03:59;05:51;13:54;18:04;21:50;23:17
6;3;03:58;05:50;13:54;18:04;21:51;23:18
6;4;03:58;05:50;13:54;18:05;21:51;23:18
6;5;03:57;05:49;13:54;18:05;21:52;23:19
6;6;03:56;05:49;13:54;18:05;21:53;23:20
6;7;03:55;05:48;13:54;18:06;21:54;23:21
6;8;03:54;05:48;13:55;18:06;21:55;23:22
6;9;03:54;05:48;13:55;18:06;21:55;23:22
6;10;03:53;05:47;13:55;18:07;21:56;23:23
6;11;03:53;05:47;13:55;18:07;21:57;23:24
6;12;03:52;05:47;13:55;18:07;21:57;23:24
6;13;03:52;05:47;13:56;18:08;21:58;23:25
6;14;03:51;05:47;13:56;18:08;21:58;23:25
6;15;03:51;05:47;13:56;18:08;21:59;23:26
6;16;03:51;05:47;13:56;18:09;21:59;23:26
6;17;03:50;05:47;13:57;18:09;22:00;23:27
6;18;03:50;05:47;13:57;18:09;22:00;23:27
6;19;03:50;05:47;13:57;18:09;22:00;23:27
6;20;03:50;05:47;13:57;18:10;22:01;23:28
6;21;03:50;05:47;13:57;18:10;22:01;23:28
6;22;03:50;05:47;13:57;18:10;22:01;23:28
6;23;03:50;05:47;13:58;18:10;22:01;23:28
6;24;03:51;05:48;13:58;18:10;22:01;23:28
6;25;03:51;05:48;13:58;18:10;22:01;23:28
6;26;03:52;05:49;13:58;18:11;22:01;23:28
6;27;03:52;05:49;13:58;18:11;22:01;23:28
6;28;03:53;05:49;13:59;18:11;22:01;23:28
6;29;03:54;05:50;13:59;18:11;22:01;23:28
6;30;03:55;05:51;13:59;18:11;22:01;23:28
7;1;03:56;05:51;13:59;18:11;22:00;23:27
7;2;03:57;05:52;14:00;18:11;22:00;23:27
7;3;03:58;05:53;14:00;18:11;22:00;23:27
7;4;03:59;05:53;14:00;18:11;21:59;23:26
7;5;04:00;05:54;14:00;18:11;21:59;23:26
7;6;04:01;05:55;14:00;18:11;21:59;23:26
7;7;04:02;05:56;14:01;18:11;21:58;23:25
7;8;04:03;05:56;14:01;18:11;21:58;23:25
7;9;04:05;05:57;14:01;18:11;21:57;23:24
7;10;04:06;05:58;14:01;18:11;21:56;23:23
7;11;04:07;05:59;14:01;18:10;21:56;23:23
7;12;04:08;06:00;14:01;18:10;21:55;23:22
7;13;04:10;06:01;14:01;18:10;21:54;23:21
7;14;04:11;06:02;14:01;18:10;21:53;23:20
7;15;04:12;06:03;14:02;18:10;21:52;23:19
7;16;04:14;06:04;14:02;18:09;21:52;23:19
7;17;04:15;06:05;14:02;18:09;21:51;23:18
7;18;04:16;06:06;14:02;18:09;21:50;23:17
7;19;04:18;06:08;14:02;18:09;21:49;23:16
7;20;04:19;06:09;14:02;18:08;21:48;23:15
7;21;04:21;06:10;14:02;18:08;21:46;23:13
7;22;04:22;06:11;14:02;18:07;21:45;23:12
7;23;04:24;06:12;14:02;18:07;21:44;23:11
7;24;04:25;06:14;14:02;18:07;21:43;23:10
7;25;04:27;06:15;14:02;18:06;21:42;23:09
7;26;04:28;06:16;14:02;18:06;21:40;23:07
7;27;04:30;06:17;14:02;18:05;21:39;23:06
7;28;04:32;06:19;14:02;18:05;21:38;23:05
7;29;04:33;06:20;14:02;18:04;21:36;23:03
7;30;04:35;06:21;14:02;18:04;21:35;23:02
7;31;04:36;06:23;14:02;18:03;21:34;23:01
8;1;04:38;06:24;14:02;18:02;21:32;22:59
8;2;04:40;06:25;14:02;18:02;21:31;22:58
8;3;04:41;06:27;14:02;18:01;21:29;22:56
8;4;04:43;06:28;14:02;18:00;21:28;22:55
8;5;04:45;06:29;14:01;18:00;21:26;22:53
8;6;04:46;06:31;14:01;17:59;21:24;22:51
8;7;04:48;06:32;14:01;17:58;21:23;22:50
8;8;04:50;06:33;14:01;17:58;21:21;22:48
8;9;04:51;06:35;14:01;17:57;21:20;22:47
8;10;04:53;06:36;14:01;17:56;21:18;22:45
8;11;04:54;06:38;14:01;17:55;21:16;22:43
8;12;04:56;06:39;14:01;17:54;21:14;22:41
8;13;04:58;06:40;14:00;17:53;21:13;22:40
8;14;04:59;06:42;14:00;17:52;21:11;22:38
8;15;05:01;06:43;14:00;17:51;21:09;22:36
8;16;05:03;06:45;14:00;17:51;21:07;22:34
8;17;05:04;06:46;14:00;17:50;21:05;22:32
8;18;05:06;06:47;13:59;17:49;21:04;22:31
8;19;05:08;06:49;13:59;17:48;21:02;22:29
8;20;05:09;06:50;13:59;17:47;21:00;22:27
8;21;05:11;06:52;13:59;17:45;20:58;22:25
8;22;05:13;06:53;13:58;17:44;20:56;22:23
8;23;05:14;06:54;13:58;17:43;20:54;22:21
8;24;05:16;06:56;13:58;17:42;20:52;22:19
8;25;05:18;06:57;13:58;17:41;20:50;22:17
8;26;05:20;06:59;13:57;17:40;20:48;22:15
8;27;05:21;07:00;13:57;17:39;20:46;22:13
8;28;05:23;07:02;13:57;17:38;20:44;22:11
8;29;05:25;07:03;13:57;17:36;20:42;22:09
8;30;05:26;07:04;13:56;17:35;20:40;22:07
8;31;05:28;07:06;13:56;17:34;20:38;22:05
9;1;05:30;07:07;13:56;17:33;20:36;22:03
9;2;05:31;07:09;13:55;17:31;20:34;22:01
9;3;05:33;07:10;13:55;17:30;20:32;21:59
9;4;05:35;07:11;13:55;17:29;20:30;21:57
9;5;05:36;07:13;13:54;17:27;20:28;21:55
9;6;05:38;07:14;13:54;17:26;20:26;21:53
9;7;05:40;07:16;13:54;17:25;20:24;21:51
9;8;05:41;07:17;13:53;17:23;20:21;21:48
9;9;05:43;07:18;13:53;17:22;20:19;21:46
9;10;05:45;07:20;13:53;17:21;20:17;21:44
9;11;05:46;07:21;13:52;17:19;20:15;21:42
9;12;05:48;07:23;13:52;17:18;20:13;21:40
9;13;05:50;07:24;13:52;17:16;20:11;21:38
9;14;05:51;07:26;13:51;17:15;20:09;21:36
9;15;05:53;07:27;13:51;17:13;20:07;21:34
9;16;05:55;07:28;13:50;17:12;20:05;21:32
9;17;05:56;07:30;13:50;17:10;20:02;21:29
9;18;05:58;07:31;13:50;17:09;20:00;21:27
9;19;06:00;07:33;13:49;17:07;19:58;21:25
9;20;06:01;07:34;13:49;17:06;19:56;21:23
9;21;06:03;07:36;13:49;17:04;19:54;21:21
9;22;06:05;07:37;13:48;17:03;19:52;21:19
9;23;06:06;07:38;13:48;17:01;19:50;21:17
9;24;06:07;07:40;13:48;17:00;19:47;21:14
9;25;06:09;07:41;13:47;16:58;19:45;21:12
9;26;06:10;07:43;13:47;16:57;19:43;21:10
9;27;06:11;07:44;13:47;16:55;19:41;21:08
9;28;06:13;07:46;13:46;16:54;19:39;21:06
9;29;06:14;07:47;13:46;16:52;19:37;21:04
9;30;06:15;07:48;13:46;16:51;19:35;21:02
10;1;06:17;07:50;13:45;16:49;19:33;21:00
10;2;06:18;07:51;13:45;16:47;19:31;20:58
10;3;06:20;07:53;13:45;16:46;19:29;20:56
10;4;06:21;07:54;13:44;16:44;19:26;20:53
10;5;06:22;07:56;13:44;16:43;19:24;20:51
10;6;06:24;07:57;13:44;16:41;19:22;20:49
10;7;06:25;07:59;13:43;16:40;19:20;20:47
10;8;06:27;08:00;13:43;16:38;19:18;20:45
10;9;06:28;08:02;13:43;16:37;19:16;20:43
10;10;06:29;08:03;13:43;16:35;19:14;20:41
10;11;06:31;08:05;13:42;16:33;19:12;20:39
10;12;06:32;08:06;13:42;16:32;19:10;20:37
10;13;06:34;08:08;13:42;16:30;19:08;20:35
10;14;06:35;08:09;13:42;16:29;19:06;20:33
10;15;06:36;08:11;13:41;16:27;19:04;20:31
10;16;06:38;08:12;13:41;16:26;19:02;20:29
10;17;06:39;08:14;13:41;16:24;19:00;20:27
10;18;06:41;08:15;13:41;16:23;18:58;20:25
10;19;06:42;08:17;13:41;16:21;18:56;20:23
10;20;06:44;08:18;13:40;16:20;18:55;20:22
10;21;06:45;08:20;13:40;16:18;18:53;20:20
10;22;06:47;08:22;13:40;16:17;18:51;20:18
10;23;06:48;08:23;13:40;16:15;18:49;20:16
10;24;06:50;08:25;13:40;16:14;18:47;20:14
10;25;05:51;07:26;12:40;15:12;17:45;19:12
10;26;05:52;07:28;12:40;15:11;17:44;19:11
10;27;05:54;07:29;12:39;15:10;17:42;19:09
10;28;05:55;07:31;12:39;15:08;17:40;19:07
10;29;05:57;07:33;12:39;15:07;17:38;19:05
10;30;05:58;07:34;12:39;15:06;17:37;19:04
10;31;06:00;07:36;12:39;15:04;17:35;19:02
11;1;06:01;07:37;12:39;15:05;17:35;19:02
11;2;06:03;07:38;12:39;15:03;17:34;19:01
11;3;06:04;07:40;12:39;15:02;17:32;18:59
11;4;06:06;07:42;12:39;15:01;17:31;18:58
11;5;06:07;07:43;12:39;15:00;17:29;18:56
11;6;06:09;07:45;12:39;14:58;17:28;18:55
11;7;06:10;07:46;12:39;14:57;17:26;18:53
11;8;06:12;07:48;12:39;14:56;17:25;18:52
11;9;06:13;07:50;12:39;14:55;17:23;18:50
11;10;06:15;07:51;12:39;14:54;17:22;18:49
11;11;06:16;07:53;12:40;14:53;17:20;18:47
11;12;06:17;07:54;12:40;14:52;17:19;18:46
11;13;06:19;07:56;12:40;14:51;17:18;18:45
11;14;06:20;07:57;12:40;14:50;17:16;18:43
11;15;06:22;07:59;12:40;14:49;17:15;18:42
11;16;06:23;08:01;12:40;14:48;17:14;18:41
11;17;06:25;08:02;12:40;14:47;17:13;18:40
11;18;06:26;08:04;12:41;14:46;17:12;18:39
11;19;06:27;08:05;12:41;14:45;17:11;18:38
11;20;06:29;08:07;12:41;14:44;17:10;18:37
11;21;06:30;08:08;12:41;14:44;17:09;18:36
11;22;06:32;08:10;12:42;14:43;17:08;18:35
11;23;06:33;08:11;12:42;14:42;17:07;18:34
11;24;06:34;08:13;12:42;14:42;17:06;18:33
11;25;06:36;08:14;12:42;14:41;17:05;18:32
11;26;06:37;08:15;12:43;14:40;17:04;18:31
11;27;06:38;08:17;12:43;14:40;17:03;18:30
11;28;06:39;08:18;12:43;14:39;17:03;18:30
11;29;06:41;08:19;12:44;14:39;17:02;18:29
11;30;06:42;08:21;12:44;14:38;17:01;18:28
12;1;06:43;08:22;12:44;14:38;17:01;18:28
12;2;06:44;08:23;12:45;14:38;17:00;18:27
12;3;06:45;08:25;12:45;14:37;17:00;18:27
12;4;06:46;08:26;12:46;14:37;16:59;18:26
12;5;06:48;08:27;12:46;14:37;16:59;18:26
12;6;06:49;08:28;12:46;14:37;16:59;18:26
12;7;06:50;08:29;12:47;14:37;16:58;18:25
12;8;06:51;08:30;12:47;14:36;16:58;18:25
12;9;06:52;08:31;12:48;14:36;16:58;18:25
12;10;06:53;08:32;12:48;14:36;16:58;18:25
12;11;06:53;08:33;12:49;14:36;16:58;18:25
12;12;06:54;08:34;12:49;14:36;16:58;18:25
12;13;06:55;08:35;12:50;14:37;16:58;18:25
12;14;06:56;08:36;12:50;14:37;16:58;18:25
12;15;06:57;08:37;12:50;14:37;16:58;18:25
12;16;06:58;08:38;12:51;14:37;16:58;18:25
12;17;06:58;08:39;12:51;14:37;16:58;18:25
12;18;06:59;08:39;12:52;14:38;16:59;18:26
12;19;07:00;08:40;12:52;14:38;16:59;18:26
12;20;07:00;08:40;12:53;14:39;16:59;18:26
12;21;07:01;08:41;12:53;14:39;17:00;18:27
12;22;07:01;08:42;12:54;14:40;17:00;18:27
12;23;07:02;08:42;12:54;14:40;17:01;18:28
12;24;07:02;08:42;12:55;14:41;17:01;18:28
12;25;07:03;08:43;12:55;14:41;17:02;18:29
12;26;07:03;08:43;12:56;14:42;17:03;18:30
12;27;07:03;08:43;12:56;14:42;17:03;18:30
12;28;07:03;08:44;12:57;14:43;17:04;18:31
12;29;07:04;08:44;12:57;14:44;17:05;18:32
12;30;07:04;08:44;12:58;14:45;17:06;18:33
12;31;07:04;08:44;12:58;14:46;17:07;18:34